date_away_home,archived_scores,candidate_games,score_matches
"('2021-04-21', 'ARI', 'CIN')","(5, 4)",1,0
"('2021-05-27', 'CIN', 'WSH')","(3, 5)",1,0
"('2021-06-27', 'SEA', 'CWS')","(3, 2)",1,0
"('2021-07-18', 'MIA', 'PHI')","(2, 4)",1,0
"('2021-07-18', 'SD', 'WSH')","(10, 4)",1,0
"('2021-08-10', 'LAA', 'TOR')","(6, 3)",0,0
"('2021-08-11', 'WSH', 'NYM')","(7, 8)",0,0
"('2021-08-31', 'MIA', 'NYM')","(5, 6)",1,0
"('2022-05-10', 'DET', 'OAK')","(6, 0)",0,0
"('2022-05-12', 'HOU', 'MIN')","(11, 3)",1,0
"('2023-05-14', 'NYM', 'WSH')","(2, 3)",1,0
"('2023-07-15', 'WSH', 'STL')","(7, 5)",1,0
"('2023-07-18', 'SF', 'CIN')","(4, 2)",1,0
"('2023-07-22', 'NYM', 'BOS')","(5, 4)",1,0
"('2023-08-19', 'MIA', 'LAD')","(1, 3)",2,2
"('2023-08-24', 'LAD', 'CLE')","(6, 1)",1,0
"('2023-09-28', 'KC', 'DET')","(0, 8)",1,0
"('2023-10-02', 'MIA', 'NYM')","(0, 1)",0,0
"('2024-05-22', 'BAL', 'STL')","(1, 3)",1,0
"('2024-08-26', 'TOR', 'BOS')","(4, 1)",1,0
"('2024-08-28', 'TEX', 'CWS')","(3, 1)",1,0
"('2025-05-21', 'CLE', 'MIN')","(5, 6)",1,0
"('2025-06-07', 'ARI', 'CIN')","(3, 4)",1,0
"('2025-07-02', 'CIN', 'BOS')","(3, 5)",1,0
"('2025-08-03', 'ATL', 'CIN')","(4, 2)",0,0
