model_version,label,created_utc,features_file,odds_file,game_pk,start_utc,home,away,p_elo,p_fund,p_consensus_nv,p_pinnacle_nv,p_stack,best_side,best_book,best_price,best_ev,flags,paper_bet,lineup_src
v2.0-frozen-2026-09-26,morning,2026-09-26T11:03:04+00:00,features_20260926T110121Z.csv,odds_parlay_20260926T105842Z.csv,822678,2026-09-26T16:35:00Z,WSH,NYM,0.5041,0.5036,0.4508,0.4519,0.4692,home,bet365,2.1,-0.0146,starter_long_layoff,False,last_game/last_game
v2.0-frozen-2026-09-26,morning,2026-09-26T11:03:04+00:00,features_20260926T110121Z.csv,odds_parlay_20260926T105842Z.csv,824219,2026-09-26T17:10:00Z,DET,PIT,0.4676,0.4807,0.509,,0.5029,away,bet365,1.952,-0.0297,starter_long_layoff,False,last_game/last_game
v2.0-frozen-2026-09-26,morning,2026-09-26T11:03:04+00:00,features_20260926T110121Z.csv,odds_parlay_20260926T105842Z.csv,822759,2026-09-26T19:07:00Z,TOR,CIN,0.5708,0.6144,0.5968,0.5987,0.6052,home,bet365,1.606,-0.0281,,False,last_game/last_game
v2.0-frozen-2026-09-26,morning,2026-09-26T11:03:04+00:00,features_20260926T110121Z.csv,odds_parlay_20260926T105842Z.csv,823165,2026-09-26T20:05:00Z,SF,LAD,0.3345,0.2992,0.2648,0.2561,0.2761,home,bet365,3.7,0.0214,,True,last_game/last_game
v2.0-frozen-2026-09-26,morning,2026-09-26T11:03:04+00:00,features_20260926T110121Z.csv,odds_parlay_20260926T105842Z.csv,823653,2026-09-26T20:10:00Z,MIN,TEX,0.5169,0.4842,0.458,,0.4683,home,bet365,2.1,-0.0165,,False,last_game/last_game
v2.0-frozen-2026-09-26,morning,2026-09-26T11:03:04+00:00,features_20260926T110121Z.csv,odds_parlay_20260926T105842Z.csv,823813,2026-09-26T20:10:00Z,MIA,ATL,0.4683,0.5078,0.4576,,0.4753,home,unibet,2.1,-0.0018,opener_or_bulk,False,last_game/last_game
v2.0-frozen-2026-09-26,morning,2026-09-26T11:03:04+00:00,features_20260926T110121Z.csv,odds_parlay_20260926T105842Z.csv,824057,2026-09-26T23:10:00Z,KC,CLE,0.4274,0.4944,0.4598,0.4588,0.4727,home,bet365,2.1,-0.0073,,False,last_game/last_game
v2.0-frozen-2026-09-26,morning,2026-09-26T11:03:04+00:00,features_20260926T110121Z.csv,odds_parlay_20260926T105842Z.csv,824543,2026-09-26T23:10:00Z,CWS,COL,0.7175,0.6461,0.6693,0.6712,0.6653,away,bet365,2.95,-0.0128,,False,last_game/last_game
v2.0-frozen-2026-09-26,morning,2026-09-26T11:03:04+00:00,features_20260926T110121Z.csv,odds_parlay_20260926T105842Z.csv,823733,2026-09-26T23:10:00Z,MIL,STL,0.7295,0.6536,0.6256,0.6265,0.6373,home,unibet,1.538,-0.0198,,False,last_game/last_game
v2.0-frozen-2026-09-26,morning,2026-09-26T11:03:04+00:00,features_20260926T110121Z.csv,odds_parlay_20260926T105842Z.csv,823407,2026-09-26T23:15:00Z,PHI,TB,0.4784,0.519,0.4915,,0.5025,home,bet365,1.952,-0.0192,probable_missing,False,last_game/last_game
v2.0-frozen-2026-09-26,morning,2026-09-26T11:03:04+00:00,features_20260926T110121Z.csv,odds_parlay_20260926T105842Z.csv,823245,2026-09-27T00:40:00Z,SD,AZ,0.5734,0.5408,0.5258,,0.5331,home,unibet,1.847,-0.0154,probable_missing,False,last_game/last_game
v2.0-frozen-2026-09-26,morning,2026-09-26T11:03:04+00:00,features_20260926T110121Z.csv,odds_parlay_20260926T105842Z.csv,824949,2026-09-27T01:40:00Z,ATH,HOU,0.4272,0.4604,0.4309,,0.442,home,unibet,2.33,0.0299,,True,last_game/last_game
v2.0-frozen-2026-09-26,morning,2026-09-26T11:03:04+00:00,features_20260926T110121Z.csv,odds_parlay_20260926T105842Z.csv,823083,2026-09-27T01:40:00Z,SEA,LAA,0.5886,0.63,0.6333,0.6311,0.6353,home,unibet,1.538,-0.0229,,False,last_game/last_game
