pk,start_utc,home,away,side,sp_id,sp_bf,sp_fip,sp_k,sp_bb,sp_outs,sp_rest,bp_fip,bp_p3,lineup_woba,lineup_src
822678,2026-09-26T16:35:00Z,WSH,NYM,home,813349,341.90000,0.24791,0.24227,0.10090,15.84979,88,0.35742,193,0.31038,last_game
822678,2026-09-26T16:35:00Z,WSH,NYM,away,804636,145.10000,0.21091,0.22671,0.10354,14.52482,6,0.22927,193,0.31594,last_game
824219,2026-09-26T17:10:00Z,DET,PIT,home,434378,297.50000,0.20779,0.20965,0.09057,15.52867,180,0.22949,118,0.32431,last_game
824219,2026-09-26T17:10:00Z,DET,PIT,away,489446,222.10000,0.20045,0.25150,0.10565,15.50000,3,0.10802,186,0.31912,last_game
822759,2026-09-26T19:07:00Z,TOR,CIN,home,702056,354.80000,0.23203,0.23431,0.11171,15.01927,5,0.14513,158,0.30977,last_game
822759,2026-09-26T19:07:00Z,TOR,CIN,away,695076,494.00000,0.33719,0.18734,0.10044,14.61464,6,0.25616,188,0.30350,last_game
823165,2026-09-26T20:05:00Z,SF,LAD,home,683363,94.90000,0.25237,0.20972,0.07710,13.71637,6,0.26026,127,0.29919,last_game
823165,2026-09-26T20:05:00Z,SF,LAD,away,605483,260.10000,-0.03598,0.27464,0.09997,15.50537,10,0.09794,115,0.33076,last_game
823653,2026-09-26T20:10:00Z,MIN,TEX,home,641927,707.20000,0.33251,0.18849,0.07206,16.01686,6,0.15844,92,0.31176,last_game
823653,2026-09-26T20:10:00Z,MIN,TEX,away,543135,685.00000,0.17986,0.23751,0.07397,17.57961,4,0.19189,183,0.31042,last_game
823813,2026-09-26T20:10:00Z,MIA,ATL,home,667652,66.80000,0.34591,0.22843,0.10378,15.50000,2,0.15204,86,0.31262,last_game
823813,2026-09-26T20:10:00Z,MIA,ATL,away,608718,428.60000,0.20236,0.20623,0.07798,11.71373,3,0.12548,191,0.31696,last_game
824057,2026-09-26T23:10:00Z,KC,CLE,home,608379,962.20000,0.25214,0.19484,0.07706,17.78787,6,0.27038,267,0.31360,last_game
824057,2026-09-26T23:10:00Z,KC,CLE,away,676440,958.10000,0.31451,0.20031,0.08317,17.10466,7,0.10597,269,0.30483,last_game
824543,2026-09-26T23:10:00Z,CWS,COL,home,663436,757.40000,0.24895,0.19468,0.09227,15.63806,6,0.15140,239,0.31589,last_game
824543,2026-09-26T23:10:00Z,CWS,COL,away,500779,391.30000,0.40048,0.16811,0.09612,15.21899,7,0.25052,152,0.31973,last_game
823733,2026-09-26T23:10:00Z,MIL,STL,home,669160,747.70000,0.22215,0.22322,0.10340,14.73948,4,0.10653,193,0.31991,last_game
823733,2026-09-26T23:10:00Z,MIL,STL,away,687273,180.80000,0.20492,0.21412,0.09696,16.21694,6,0.23395,168,0.30757,last_game
823407,2026-09-26T23:15:00Z,PHI,TB,home,,,,,,,,0.17925,147,0.31679,last_game
823407,2026-09-26T23:15:00Z,PHI,TB,away,643377,497.90000,0.12634,0.26282,0.08459,13.70746,6,0.16432,170,0.31282,last_game
823245,2026-09-27T00:40:00Z,SD,AZ,home,621111,770.90000,0.37184,0.19581,0.10481,14.78094,6,0.08207,246,0.30812,last_game
823245,2026-09-27T00:40:00Z,SD,AZ,away,,,,,,,,0.13328,144,0.31494,last_game
824949,2026-09-27T01:40:00Z,ATH,HOU,home,678022,521.00000,0.30304,0.24074,0.10826,14.63282,6,0.26035,186,0.31040,last_game
824949,2026-09-27T01:40:00Z,ATH,HOU,away,669713,253.50000,0.21916,0.20594,0.09082,15.93943,7,0.20570,266,0.31941,last_game
823083,2026-09-27T01:40:00Z,SEA,LAA,home,807739,126.20000,0.20315,0.21915,0.08131,15.86833,6,0.26506,178,0.31608,last_game
823083,2026-09-27T01:40:00Z,SEA,LAA,away,696270,391.60000,0.41612,0.20092,0.10230,15.19829,6,0.22483,183,0.29826,last_game
